Employee ID,First name,Last name,Gender,Date of birth,Department,Country
4740629,Le Minh,Anh,Female,13/12/1993,99717,Campuchia
5836725,Nguyen Hai,Bang,Male,22/10/1972,67518,Myanmar
4302430,Ngo Cong,Chinh,Female,10/08/1986,43794,Singapore
7859240,Pham Van Tien,Dat,Male,04/09/1968,59645,Brunei
9668991,Nguyen Tien,Diep,Female,08/09/1962,15144,Lao
3693208,Nguyen Viet Minh,Duy,Female,21/06/1982,15144,Malaysia
5022031,Pham Manh,Ha,Male,13/11/1968,67518,Thailan
5449270,Do Nguyen,Hao,Male,28/04/1965,99717,Vietnam
3813391,Dinh Cong,Hung,Male,27/07/1993,43794,Thailan
2083495,Nguyen Thien,Huy,Female,29/11/1994,46324,Brunei
1115899,Phan Trung,Kien,Female,21/11/1991,99717,Indonesia
9512278,Nguyen Minh,Ky,Male,28/05/1963,67518,Campuchia
3133785,Mai Gia,Minh,Male,04/04/1966,19810,Singapore
7775303,Pham Quynh,Nhu,Female,13/08/2000,67518,Brunei
3424619,Nguyen Minh,Quan,Female,11/01/1988,67518,Philippines
8439123,Nguyen Van,Son,Male,18/02/1996,43794,Philippines
7351817,Nguyen Phuong,Tai,Female,01/12/1979,50214,Brunei
7217199,Tran Pham Gia,Thinh,Male,05/05/1972,46324,Brunei
9053076,Lam Nguyen Anh,Thy,Male,11/12/1997,46324,Singapore
2472408,Cao Huu Minh,Trung,Male,13/10/1996,43794,Thailan
5433655,Nguyen Tran Thien,Vu,Female,08/09/1982,59645,Philippines
5988334,Nguyen Duc,Anh,Female,27/11/1967,43794,Thailan
5927231,Mai Thanh,Binh,Male,07/10/1990,46324,Singapore
4015036,Nguyen Le,Dan,Male,27/11/1974,59645,Vietnam
9438648,Nguyen Phuc,Dat,Male,14/02/1978,67518,Brunei
1207444,Vo Minh,Duy,Male,09/08/1984,35001,Malaysia
2203891,Quach Khanh,Duy,Male,28/11/1981,67518,Campuchia
4665796,Le Nguyen Nhat,Hao,Female,24/08/1993,19810,Indonesia
9625773,Do Le Minh,Hieu,Female,28/08/1994,46324,Indonesia
5669164,Lam Quang,Huy,Female,14/10/1969,43794,Lao
8184031,Truong Quoc,Khanh,Female,07/05/1965,99717,Philippines
3059586,Dang Lu Anh,Kiet,Female,28/06/1972,67518,Brunei
7571947,Tran To Bao,Long,Female,13/12/1983,99717,Brunei
2249787,Huynh An,Nguyen,Female,05/09/1963,50214,Thailan
8678942,Tran Ngoc,Phat,Female,10/08/1987,59645,Thailan
5735409,Tran Le Thai,Son,Female,28/03/1966,99717,Brunei
1912314,Duong Thanh,Tai,Male,18/09/1979,43794,Malaysia
4018734,Nguyen Le Minh,Tan,Female,08/09/1966,99717,Indonesia
2034289,Nguyen Phuc,Thinh,Female,07/11/1998,99717,Thailan
8016603,Nguyen Xuan,Trieu,Male,23/08/1976,50214,Vietnam
2747232,Dinh Pham Anh,Tuan,Female,21/05/1991,19810,Singapore
8327753,Nguyen Thuan,An,Female,04/01/1973,50214,Indonesia
2760008,Nguyen Hoang,Anh,Female,10/12/1964,19810,Philippines
7958092,Doan Kim,Bang,Male,22/03/1994,35001,Malaysia
4183271,Nguyen Thien Ninh,Dong,Female,05/12/2000,15144,Lao
9461482,Ma Anh,Hao,Male,27/10/1960,99717,Thailan
3815870,Phan Khanh,Hung,Male,23/01/1996,46324,Campuchia
9622488,Le Chi,Huong,Female,06/10/1964,99717,Brunei
2296812,Tran Cong,Huy,Female,20/09/1989,46324,Vietnam
6414194,Tran Trong,Khoa,Female,30/12/1980,19810,Lao
8137933,Hong,Kiet,Female,03/08/1969,43794,Philippines
2721853,Nguyen Thach Truong,Lac,Female,05/12/1994,46324,Lao
5768220,Bui Anh,Minh,Female,03/06/1984,46324,Philippines
3915211,Nguyen Ho Nhat,Nam,Female,06/10/1998,19810,Brunei
7288546,Le Nguyen Tuyet,Nhi,Male,11/01/1965,99717,Campuchia
1353498,Tran Nam,Phat,Female,23/11/1980,46324,Myanmar
2880067,Nguyen Thanh,Phong,Female,06/02/1984,59645,Malaysia
2526444,Do Van,Tai,Male,21/03/1983,99717,Vietnam
7020513,Nguyen Mai Tan,Thanh,Male,04/03/1986,46324,Philippines
4881781,Nguyen Huynh Phuong,Toan,Male,09/11/1964,46324,Myanmar
7172759,Le Minh,Triet,Male,04/09/1997,19810,Vietnam
5721240,Pham Thanh,Tuan,Male,10/02/1975,50214,Vietnam
9770493,Ngo Truong,An,Male,04/02/1988,67518,Lao
9010089,Huynh Tuan,Anh,Male,19/09/1960,50214,Vietnam
9860878,Nguyen An,Dat,Female,17/03/1975,59645,Campuchia
9044312,Nguyen Hoang,Duy,Male,28/04/2000,43794,Myanmar
1866647,Nguyen Tran Dai,Hoa,Female,11/12/1990,67518,Lao
3980605,Tran Thuan,Hung,Female,03/08/1967,35001,Brunei
6491752,Phan Luong,Huy,Female,18/10/1991,59645,Campuchia
1335477,Le,Kha,Female,30/09/1979,59645,Campuchia
9053758,Tran Tuan,Kiet,Female,02/06/1979,19810,Brunei
2260231,Vo Thi Thien,Kim,Female,05/07/1981,19810,Malaysia
8160954,Doan Vo Kieu,Lam,Female,20/04/1993,15144,Campuchia
1883889,Pham Tran,Minh,Male,17/04/1978,99717,Brunei
2885147,Nguyen Do Khoa,Nguyen,Female,09/07/1995,99717,Malaysia
6460628,Nguyen Hai Tien,Phat,Male,06/10/1988,99717,Indonesia
1503602,Vo Gia,Phong,Female,13/04/1967,35001,Thailan
2269631,Pham Hoang,Son,Female,22/11/1974,19810,Lao
7650903,Nguyen Phu,Thanh,Male,13/12/1995,19810,Indonesia
4830110,Hoang Phuc,Thuan,Female,02/09/1999,46324,Myanmar
9473295,Tran Phuoc,Toan,Male,11/05/1978,59645,Malaysia
4545419,Ngo Anh,Tuan,Female,11/07/1982,50214,Lao
7392901,Luong Viet,An,Male,22/05/2000,43794,Indonesia
4702865,Nguyen Tan,Bao,Male,03/03/1971,46324,Malaysia
7664165,Truong Chan,Buu,Male,06/02/1983,50214,Malaysia
5704270,Ta Tien,Dat,Male,08/05/1987,35001,Campuchia
2197104,Vo Khanh,Duy,Female,27/02/1973,59645,Brunei
5136469,Nguyen Duc Nhat,Hao,Female,18/04/1961,50214,Vietnam
5467668,Nguyen Gia,Hung,Male,03/10/2000,35001,Campuchia
9944618,Nguyen Quoc,Khai,Female,26/04/1964,59645,Thailan
1464473,Truong Duc Anh,Khoa,Male,01/01/1980,15144,Philippines
6402404,Pham Ngoc,Linh,Male,15/09/1965,46324,Malaysia
7889572,Nguyen Nhat,Nam,Female,10/06/1960,19810,Singapore
3431586,Tran Khoi,Nguyen,Male,21/06/1962,15144,Thailan
6093678,Trinh Thanh,Nhan,Male,08/01/1987,15144,Indonesia
2682982,Nguyen Thanh,Phat,Female,23/03/1967,43794,Thailan
1888151,Tang Thieu,Phong,Male,06/05/1966,59645,Brunei
7573663,Vien Ngoc Minh,Sang,Male,24/10/1972,15144,Indonesia
3685014,Lu Thanh,Tam,Male,23/06/1968,59645,Lao
5127478,Pham Duc,Thien,Female,27/02/1996,35001,Singapore
6836490,Nguyen Tran Truong,Tu,Male,06/02/1988,46324,Singapore
2668011,Nguyen Le Ha,Vi,Female,23/11/1982,35001,Philippines
2910286,Tran Ton Quang,Vu,Female,02/08/1984,15144,Singapore
8205151,Vu Bao,An,Male,01/05/1995,50214,Singapore
7716248,Nguyen Dinh Gia,Bao,Female,05/01/1997,67518,Malaysia
8156572,Thai Nguyen Thanh,Cong,Male,11/11/1995,50214,Vietnam
6061515,Luong Chi,Dung,Female,05/11/1993,35001,Indonesia
9388957,Nguyen Khanh,Duy,Female,05/08/1996,50214,Campuchia
6242363,Nguyen Lam,Hung,Male,26/05/1984,59645,Singapore
5856337,Le Thanh,Huy,Male,24/01/1963,59645,Thailan
9413798,Nguyen Ngo Dang,Khoa,Male,13/04/1998,46324,Malaysia
6982280,Tran Dang Dang,Khoa,Male,29/05/1973,19810,Philippines
5591377,Nguyen Ngoc,Nam,Female,07/07/1994,35001,Singapore
9302482,Ly Khoa,Nam,Female,06/06/1965,67518,Thailan
4644218,Nguyen Thanh,Nguyen,Female,28/07/1976,50214,Singapore
2315398,Vo Khanh,Nhu,Female,03/08/1993,46324,Vietnam
6007032,Kieu Thanh,Phat,Female,23/07/1963,59645,Philippines
8396010,Pham Le,Quan,Female,07/10/1970,99717,Malaysia
3264270,Nguyen Thanh,Tai,Female,08/03/1982,15144,Myanmar
1861227,Le Nguyen Hoang,Thai,Female,11/12/1991,99717,Thailan
9306304,Le Thanh,Tien,Male,08/01/1996,50214,Philippines
6135837,Nguyen Hoang Anh,Tu,Male,21/08/1966,67518,Campuchia
5319546,Nguyen Hoang,Viet,Male,20/02/1982,19810,Myanmar
4072974,Ho Huu,An,Male,16/03/1977,19810,Singapore
4121282,Thai Phan Huy,Bao,Male,09/04/1967,46324,Lao
8311034,Nguyen Duc Duy,Bao,Female,11/06/1975,19810,Malaysia
4460970,Dang Thanh,Dat,Female,11/11/1999,50214,Indonesia
3895363,Giang Hoang,Dat,Male,06/05/1983,15144,Vietnam
3746476,Ngo Thi Ngan,Giang,Female,30/06/1985,35001,Myanmar
5524502,Nguyen Song,Hung,Male,17/02/1985,35001,Thailan
7075189,Do Nhat,Huy,Female,15/10/1965,99717,Indonesia
2347729,Nguyen Ngoc,Huy,Female,26/07/1998,59645,Malaysia
9483170,Phan Thanh,Huy,Female,01/11/1997,15144,Singapore
6775282,Le Quang,Lam,Female,16/02/1983,15144,Brunei
5591104,Bui Huu,Loc,Female,23/05/1979,46324,Lao
1745410,Le Thanh,Nhan,Female,05/05/1990,43794,Thailan
2764874,Van Cong Nguyen,Phong,Male,11/08/1973,59645,Lao
7724859,Nguyen Hoang,Phuc,Male,02/04/1988,15144,Thailan
4350380,Do Minh,Quan,Male,01/04/1961,46324,Indonesia
1787923,Le Tien,Thanh,Female,31/10/1999,99717,Myanmar
7511494,Trinh Minh Tich,Thien,Female,16/08/1979,15144,Thailan
3331276,Tran Minh,Thuy,Male,26/08/1972,50214,Vietnam
8557531,Nguyen Thanh,Tuan,Male,21/05/1986,99717,Campuchia
7975039,Luong Khanh,Vy,Female,23/03/1980,15144,Philippines
9036472,Tran Nhut,Anh,Male,14/01/1971,35001,Vietnam
8868659,Nguyen Thanh,Bao,Female,15/07/1961,46324,Lao
1584231,Nguyen Manh,Cuong,Male,28/09/1971,15144,Brunei
5814600,Vi Thanh,Dat,Female,13/09/1988,15144,Malaysia
3121429,Nguyen Lam,Duy,Male,27/06/1979,50214,Myanmar
7448980,Ngo Mong,Hoan,Male,02/10/1966,35001,Indonesia
6839655,Thai Kim,Huong,Male,09/12/2000,67518,Vietnam
4555426,Le Quang,Huy,Male,09/09/1998,15144,Philippines
9250136,Nguyen Khac,Huy,Male,03/05/1994,19810,Campuchia
9105771,Nguyen Van,Khoa,Male,05/08/1997,43794,Thailan
2724701,Tang Nha,Linh,Female,14/07/1979,35001,Philippines
1998900,Doan Nguyen Minh,Man,Female,19/05/1994,59645,Vietnam
7893821,Ly Manh,Phi,Male,26/10/1980,99717,Indonesia
3917136,Tran Hoang,Phuc,Female,23/01/1977,50214,Thailan
4714879,Nguyen Thanh,Phuc,Male,14/02/1982,15144,Thailan
6858869,Vu Quoc Nhat,Tan,Female,19/04/1964,50214,Myanmar
8111412,Nguyen Thi Thanh,Thao,Female,17/05/1982,59645,Brunei
7808521,Dang Xuan,Thinh,Male,15/12/1992,15144,Lao
1177646,Nguyen Anh,Tuan,Female,07/08/1992,46324,Singapore
2300449,Tran Dinh Quang,Vinh,Male,12/12/1994,99717,Thailan
7263147,Tran Quoc,An,Male,30/06/1974,43794,Myanmar
5410382,Truong Gia,Bao,Male,12/04/1968,43794,Singapore
7977785,Pham Phu,Binh,Female,16/09/1970,43794,Singapore
1825832,Ngo Tan,Dat,Male,14/10/1983,99717,Singapore
4226345,Bui Hai,Duong,Female,02/02/1970,99717,Philippines
9395721,Do Hoang,Duy,Male,01/07/1977,19810,Thailan
5136680,Phan Minh,Hoang,Female,27/04/1968,35001,Malaysia
1350571,Truong Huynh Dang,Khoa,Female,24/06/1995,35001,Lao
5551768,Nguyen Hai,Long,Female,17/04/1981,19810,Lao
4701981,Nguyen Gia,My,Male,11/07/1981,50214,Campuchia
4697224,Trang Si,Nam,Female,15/03/1986,43794,Vietnam
9840220,Pham Hoang Minh,Nhat,Male,01/02/1970,15144,Campuchia
1931028,Bui Anh,Phu,Female,14/04/1993,50214,Campuchia
1599125,Le Tran Nhat,Quang,Female,29/01/1965,35001,Thailan
1983802,La Nguyen Quoc,Thinh,Male,12/11/1961,19810,Malaysia
4874973,Nguyen Kieu Thuy,Tien,Male,30/08/1960,46324,Indonesia
1400471,Trang Trung,Tien,Female,18/12/1991,46324,Malaysia
6093405,Nguyen Van,Truong,Female,09/05/1978,43794,Lao
3566887,Huynh Anh,Tu,Male,20/11/1998,15144,Indonesia
9720641,Nguyen Pham Thanh,Uyen,Female,13/06/1990,59645,Vietnam
4128509,Khuu Thi Huynh,Yen,Male,13/01/1971,15144,Campuchia
3060171,Tran Nguyen Duy,Bao,Male,25/05/1969,15144,Philippines
7017872,Tran Quoc,Bao,Female,03/11/1960,43794,Philippines
5032293,Nguyen Phuc Minh,Dang,Male,11/01/1977,19810,Philippines
3422041,Phan Thanh,Dat,Female,22/09/1971,99717,Thailan
2754358,Pham Kim,Duong,Female,13/09/1997,15144,Vietnam
8170932,Le Nguyen Viet,Hiep,Female,11/08/1968,50214,Malaysia
2548395,Mai Xuan,Khang,Female,27/03/1968,15144,Myanmar
5825537,Ngo Minh,Khoi,Male,23/10/1998,15144,Philippines
5189061,Nguyen Ngoc,Minh,Male,31/01/1979,99717,Myanmar
9318400,Vo Kien,Nam,Male,12/09/1978,35001,Singapore
6378727,Tran Huu,Nhan,Male,17/12/1989,46324,Myanmar
8046731,Pham Tran Tien,Phat,Female,12/11/1992,59645,Lao
7405898,Nguyen Van,Phuc,Male,04/02/1977,19810,Thailan
4034563,Truong Cong,Thanh,Female,16/08/1984,50214,Campuchia
1266743,Nguyen Tri,Thuc,Female,18/12/1978,35001,Campuchia
7762891,Nguyen Le Phuoc,Tien,Female,03/03/1979,99717,Malaysia
3534322,Le,Tri,Female,05/07/1965,46324,Brunei
8919860,Le Cam,Tu,Male,17/08/1974,43794,Thailan
9077583,Phan Anh,Tuan,Female,09/01/1988,43794,Malaysia
3187584,Hoang Dinh Quy,Vu,Female,06/04/1991,99717,Brunei
1830964,Nguyen Duy,Anh,Male,13/10/1972,35001,Brunei
6095625,Dang Gia,Bao,Male,22/11/1962,15144,Indonesia
8517345,Le Thai Gia,Bao,Female,24/04/1976,43794,Philippines
8553952,Pham Le Quoc,Dat,Female,14/01/1965,67518,Malaysia
3294460,Do Nguyen Dac,Duy,Male,11/10/1965,19810,Lao
2495106,Nguyen Minh,Duy,Female,02/07/1990,50214,Philippines
6509405,Le Toan,Hien,Male,12/09/1995,43794,Campuchia
5989599,La Gia,Hiep,Female,17/07/1993,15144,Lao
2625134,Nguyen Quoc,Huy,Female,18/07/1968,46324,Philippines
6755797,Lee,Jihun,Male,06/10/1967,46324,Thailan
5429870,Do Tuan,Kiet,Female,30/12/1960,35001,Brunei
1345910,Le Thanh,Loi,Female,23/11/1974,99717,Brunei
3856094,Le Pham Gia,Long,Male,21/04/1964,59645,Brunei
6979188,Duong Ngoc Bao,Nhi,Female,07/08/1970,67518,Singapore
9424149,Huynh Ba,Nhut,Male,27/05/1963,59645,Brunei
3777290,Nguyen Tien,Phuc,Female,08/11/1976,99717,Lao
2356579,Trinh Hung,Quan,Male,05/10/1980,50214,Lao
5041898,Nguyen Huu,Thang,Female,14/12/1978,35001,Singapore
5933442,Nguyen Ngoc,Thong,Male,12/03/1999,46324,Thailan
5916844,Nguyen Huu,Tinh,Male,07/11/1961,43794,Campuchia
6965072,Nguyen Minh,Triet,Female,27/02/1970,99717,Vietnam
2355672,Nguyen Khac,Trieu,Male,03/02/1970,43794,Myanmar
8320868,Nguyen Duy,Trung,Male,04/08/1964,43794,Philippines
2564092,Nguyen Huynh Minh,Tuan,Female,05/02/1975,50214,Brunei
8623047,Nguyen Tan,An,Female,07/02/1972,46324,Philippines
2212090,Nguyen The,Anh,Male,15/08/1976,50214,Philippines
3753025,Tran Phuong,Ban,Male,12/04/1968,15144,Myanmar
3621644,Lam Son,Binh,Male,18/08/1984,99717,Philippines
4020647,Tran Ngoc Quynh,Chau,Female,08/11/1964,43794,Indonesia
5498787,Huynh Tien,Cuong,Female,23/08/1988,35001,Thailan
3141482,Ho Quoc,Dat,Male,03/07/1984,50214,Singapore
9839977,Trinh Quoc,Dung,Female,11/10/1997,67518,Myanmar
2660444,Huynh Xuan,Hao,Female,12/05/1977,35001,Myanmar
7771292,Le Ngoc,Hieu,Male,11/02/1970,59645,Singapore
6114738,Pham Trong,Hoang,Male,22/04/1966,46324,Malaysia
7157443,Phan Luc Minh,Huong,Female,26/07/1976,43794,Singapore
8531431,Le Nhat,Huy,Female,05/08/1999,15144,Indonesia
1785508,Luu Khang,Huy,Male,07/10/1960,35001,Lao
8114813,Nguyen Minh,Khai,Female,04/12/1960,19810,Vietnam
7403055,Tran Duy,Khoi,Female,15/01/1992,99717,Brunei
4131266,Nguyen Trung,Kien,Male,27/09/1967,46324,Malaysia
7226760,Nguyen Thi Phuong,Lan,Female,20/05/1987,46324,Vietnam
4186249,Le Huu,Loi,Male,02/03/1965,46324,Myanmar
7508425,Nguyen Thi Thanh,Nga,Female,12/11/1960,43794,Lao
3219234,Duong Trung,Nguyen,Female,29/07/1994,19810,Indonesia
8682909,Nguyen Xuan,Nhan,Female,04/10/1998,35001,Indonesia
2936629,Nguyen Minh,Phu,Male,15/12/1982,67518,Philippines
3296235,Nguyen Van,Phu,Female,13/07/1967,99717,Singapore
1497351,Le Thanh,Phuc,Female,05/09/1973,15144,Singapore
5523777,Dam Thi,Phuong,Male,18/01/1985,15144,Indonesia
5969157,Nguyen Chau Hung,Quoc,Female,24/05/1973,43794,Vietnam
5529531,Doan Thi Diem,Quynh,Male,06/09/1976,67518,Thailan
1311812,Vo Huu,Tai,Male,10/07/1991,50214,Vietnam
9611998,Nguyen Khoa,Tai,Female,02/08/1992,59645,Campuchia
2382553,Nguyen Tho,Thang,Male,21/10/1976,43794,Brunei
7928003,Duong Thai,Tin,Male,07/02/1969,43794,Myanmar
1749590,Dao Thi Thuy,Trang,Female,12/06/1963,99717,Malaysia
3181827,Khuong Trung,Tuan,Male,07/10/1983,19810,Singapore
6480622,Pham Le Anh,Tuan,Male,27/07/1975,35001,Thailan
9925897,Tran Phan Hoan,Viet,Female,16/06/1976,15144,Brunei
4012438,Nguyen Hoai,An,Female,11/12/1997,35001,Thailan
3186880,Nguyen Hoang,Danh,Female,28/10/1983,46324,Brunei
3598669,Nguyen Thanh,Do,Female,13/02/1981,99717,Brunei
6161715,Luong Viet,Duc,Male,07/08/1979,43794,Thailan
6475628,Nguyen Thanh Hong,Duc,Female,20/09/1983,59645,Campuchia
1141428,Nguyen Thi Hong,Gam,Female,15/12/1990,50214,Philippines
3258497,Nguyen Ngoc Huong,Giang,Male,25/12/1977,43794,Lao
9566973,Nguyen Ngoc,Giau,Female,01/03/1969,59645,Malaysia
1582219,Luong Gia,Hao,Female,23/04/1999,15144,Brunei
5658599,Pham Trung,Hau,Female,28/01/1982,15144,Campuchia
5981733,Le Gia,Huy,Male,24/06/1976,50214,Campuchia
3015367,Vuong Thanh,Huy,Female,26/03/1997,43794,Brunei
5769087,Nguyen Minh,Khang,Female,28/01/1993,43794,Indonesia
2093086,Vu Gia,Khanh,Male,05/11/1966,67518,Vietnam
3812442,Vo Nguyen Anh,Khoa,Male,25/04/1979,15144,Myanmar
6582837,Luong Mai Thanh,Khoi,Male,17/11/2000,35001,Myanmar
1367814,Truong Anh,Kiet,Male,19/03/1980,99717,Malaysia
4542033,Nguyen Hoang,Loc,Male,19/02/1976,99717,Vietnam
9750977,Duong Dinh Chi,Long,Male,28/03/1975,67518,Lao
7408855,Nguyen Phuc Sy,Luan,Male,28/10/1964,46324,Thailan
7356910,Tran The,Luat,Male,30/09/1993,67518,Thailan
3413881,Le Kim,Ngan,Male,18/02/1975,59645,Vietnam
2881752,Le Thi Xuan,Ngan,Male,26/06/1963,46324,Philippines
3442424,Vo Minh,Nhan,Female,27/12/1996,43794,Campuchia
4413107,Nguyen Vo Hoang,Phan,Male,31/08/1960,67518,Singapore
9316784,Huynh Thanh,Phong,Female,29/03/1997,35001,Lao
9897740,Le Thanh,Phong,Female,20/01/1996,59645,Malaysia
3562490,Phan Hoang,Phu,Female,07/06/1979,59645,Thailan
2901430,Ngo Thien,Anh,Male,11/03/1964,99717,Singapore
3535352,Le Thi Phi,Du,Male,24/05/1985,19810,Vietnam
9140275,Ha Thi Thuy,Duong,Female,25/02/1974,59645,Lao
9661846,Nguyen Quang,Hieu,Male,01/06/1977,67518,Indonesia
7118139,Pham Phuong,Ngoc,Female,01/06/1986,35001,Thailan
9068142,Lam Truong,Phu,Female,14/08/1991,35001,Malaysia
8132643,Dinh Hoang,Phuc,Male,11/04/1984,19810,Philippines
3471476,Le Minh,Quan,Male,01/03/1977,43794,Malaysia
3638210,Nguyen Anh,Quan,Male,04/06/1978,50214,Vietnam
8780058,Dang Nhu,Quynh,Male,24/07/2000,67518,Malaysia
7598516,Pham Nhat,Quynh,Male,29/07/1993,67518,Brunei
5362398,Duong Tuan,Sang,Female,19/10/1993,99717,Malaysia
4810872,Nguyen Hoang,Sang,Female,22/10/1968,59645,Indonesia
3762417,Le Dao Duy,Tan,Female,12/10/1999,15144,Malaysia
5944613,Nguyen Thanh Nhat,Tan,Female,22/01/1980,59645,Philippines
5950108,Tran Tan,Thanh,Male,16/07/1977,19810,Campuchia
5370020,Le Huynh Quoc,Thinh,Male,18/02/1975,67518,Vietnam
5091021,Phan Cong,Thinh,Female,05/08/1962,46324,Lao
8397571,Dinh Ngoc Thuy,Tien,Male,24/12/1987,43794,Brunei
8236873,Ngo Minh,Tien,Female,17/07/1985,15144,Brunei
4931640,Nguyen Huu,Tin,Male,30/01/1981,19810,Malaysia
5551958,Huynh Thi Mong,Trinh,Male,20/08/1977,59645,Vietnam
8225897,Cao Ngoc Van,Truc,Male,14/05/1972,67518,Thailan
5076312,Nguyen Huu,Trung,Female,31/08/1996,67518,Myanmar
7475274,Doan Thai,Tu,Male,13/03/1999,99717,Indonesia
7744998,Nguyen Anh,Tu,Female,15/04/1976,15144,Vietnam
7914851,Nguyen Trieu,Vi,Male,04/12/1986,19810,Brunei
6089844,Nguyen Dang Huy,Vu,Female,04/01/1999,43794,Vietnam
6102334,Pham Tran Nghia,An,Female,13/08/2000,43794,Malaysia
3670330,Tran Vinh,An,Female,08/12/1977,46324,Indonesia
5004164,Ton Quang,Bach,Female,14/09/1988,67518,Malaysia
8481795,Tran Gia,Bao,Female,12/02/1984,15144,Brunei
1665566,Truong Quoc,Bao,Female,10/06/1962,50214,Brunei
8250782,Le Nhu,Binh,Female,01/06/1995,67518,Philippines
2288649,Ngo Chi,Cuong,Male,13/07/1981,46324,Myanmar
4593019,Nguyen Thanh,Dat,Male,16/11/1962,59645,Brunei
9287540,Le Thi Van,Du,Female,05/03/1982,43794,Brunei
8084771,Nguyen Trung,Dung,Male,05/10/1976,67518,Indonesia
6138747,Tran Huynh,Dung,Male,06/06/1998,43794,Malaysia
5785124,Nguyen Tran,Duy,Female,04/05/1972,50214,Lao
6326444,Tran Le,Duy,Female,11/01/1965,15144,Vietnam
2711448,Nguyen Van,Hao,Female,01/02/1984,67518,Philippines
5825378,Pham Duc Minh,Hieu,Male,20/07/1966,35001,Campuchia
1393480,Nguyen Huy,Hoa,Male,31/05/1984,19810,Lao
7300634,Nguyen Manh,Hung,Female,15/12/1966,15144,Myanmar
1954067,Ho The,Hung,Male,04/09/1984,50214,Vietnam
7411972,Huynh Gia,Huy,Male,15/05/1987,46324,Vietnam
9104204,Tran Duc,Huy,Female,07/09/1979,67518,Myanmar
4055240,Nguyen Tran Dang,Khoa,Male,29/12/1974,99717,Thailan
7154289,Le Tran,Phu,Female,21/01/1969,43794,Vietnam
4802288,Bui Quang,Thinh,Male,05/04/1982,15144,Myanmar
3146553,Dang Minh,Thong,Female,27/11/1981,67518,Myanmar
2220331,Vo Minh,Thuan,Female,17/09/1985,99717,Singapore
7360611,Nguyen Dinh Ai,Trinh,Male,14/12/1998,35001,Brunei
1752328,Phan Cong,Vinh,Male,24/11/1970,46324,Thailan
8271964,Kieu Cao Minh,Kiet,Female,06/04/1968,46324,Thailan
7223031,Huynh Thanh,Liem,Male,17/06/1963,19810,Campuchia
4956916,Hoang Phuong,Linh,Female,12/11/1987,46324,Thailan
3785073,Huynh Nhat,Linh,Male,09/04/2000,99717,Lao
6643183,Nguyen Khanh,Linh,Female,10/10/1990,19810,Lao
8220195,Hoang Phu,Loc,Female,11/08/1991,19810,Singapore
8400399,Vu Le Tien,Long,Male,16/03/1972,19810,Lao
9845541,Nguyen Vo Hoai,Nam,Female,17/09/1977,67518,Campuchia
8870970,Bui Thai,Ngoc,Female,10/09/1998,35001,Vietnam
2180999,Nguyen Ngoc Xuan,Nhu,Female,16/05/1991,50214,Thailan
5444019,Le Huynh,Phat,Male,10/02/1990,35001,Singapore
8675350,Le Hoang,Phuc,Male,25/10/1968,46324,Malaysia
5995061,Nguyen Nhut,Thanh,Female,11/05/1986,46324,Philippines
9342439,Nguyen Tan,Thanh,Male,23/09/1981,19810,Vietnam
4694787,Dang Thi Minh,Thu,Male,20/03/1974,15144,Indonesia
2990956,Nguyen Thi Cam,Thuy,Male,26/06/2000,67518,Singapore
9151901,Phung Thi Thuy,Tien,Male,01/01/1993,99717,Campuchia
6609459,Hoang Van,Tien,Female,03/06/1997,59645,Myanmar
9996560,Phan Minh,Tien,Male,08/08/1961,67518,Lao
6633974,Vo Trong,Tinh,Female,06/07/1981,46324,Singapore
1317108,Tran Sy Thanh,Tram,Male,26/11/1995,15144,Vietnam
9774264,Nguyen Phuc,Trong,Female,30/01/1993,46324,Vietnam
7114840,Nguyen Nang Hoang,Truc,Male,16/05/1975,15144,Philippines
3983313,Nguyen Thi Thanh,Truc,Female,06/04/1997,50214,Malaysia
1565989,Nguyen Le Quoc,Trung,Male,09/10/1990,46324,Brunei
1942131,Luong Quang,Vinh,Female,19/03/1962,46324,Vietnam
2988595,To Xuan,Vinh,Male,07/08/1973,99717,Malaysia
7914067,Nguyen Chi,An,Male,05/03/1974,43794,Vietnam
5136476,Bui Khac Hai,Bang,Male,26/08/1960,19810,Thailan
4304601,La Quoc,Bao,Male,06/05/1960,35001,Thailan
8538960,Hoang Dac,Binh,Female,18/10/1961,59645,Lao
5500923,Nguyen Thanh,Dai,Female,06/02/1986,50214,Thailan
9045267,Tran Quang,Dang,Female,19/07/1979,50214,Thailan
9446175,Ngo Van,Danh,Male,07/09/1997,99717,Brunei
4234155,Pham Tien,Dat,Male,11/09/1970,67518,Philippines
1915357,Tran Thanh,Dat,Male,05/01/1982,46324,Thailan
8784177,Nguyen Huynh,Duc,Male,07/01/1988,99717,Myanmar
7863347,Le Nguyen Anh,Duy,Female,01/04/1974,59645,Philippines
7463452,Nguyen Thi My,Han,Female,07/04/1979,67518,Myanmar
4371840,Truong Thai Dan,Huy,Male,23/05/1971,50214,Indonesia
6210522,Vo Dat Cong,Khanh,Male,21/08/1993,99717,Singapore
5989454,Nguyen Tran Minh,Khoa,Female,21/05/1995,59645,Vietnam
3020932,Phan Dang,Khoi,Male,07/02/1983,99717,Campuchia
8257320,Trieu Gia,Ky,Female,20/05/1982,50214,Vietnam
9019037,Tran Quang,Luan,Female,26/07/1991,15144,Indonesia
3381883,Huynh Minh,Ngoc,Female,03/08/1964,50214,Vietnam
5215630,Dinh Thanh,Phat,Female,10/11/1995,19810,Indonesia
1489184,Nguyen Thi Viet,Phuong,Female,17/08/1973,43794,Thailan
5634578,Tran Nhut,Quang,Male,27/09/1994,43794,Indonesia
7427731,Nguyen Khac Anh,Tai,Female,21/12/1960,15144,Malaysia
6089067,Le Tuan,Thanh,Female,07/07/1962,15144,Indonesia
1489167,Nguyen Huu,Toan,Male,31/05/1982,99717,Lao
3793378,Vo Thy,Truc,Female,21/04/1973,19810,Singapore
1774421,Dang Viet,Trung,Female,24/07/1960,46324,Philippines
7293768,Truong Dinh,Van,Male,27/12/1962,99717,Singapore
8233950,Trieu Tuong,Vi,Female,20/07/1967,99717,Brunei
4995999,Pham Phuc,Xuyen,Female,28/07/1974,99717,Campuchia
6379381,Le Nguyen Nhat,Anh,Male,28/02/1993,43794,Malaysia
1173827,Nguyen Quoc,Anh,Male,05/08/1987,46324,Lao
6529371,Tat Tinh,Bao,Male,29/06/1992,50214,Vietnam
8624144,Nguyen Quoc,Bao,Female,23/08/1996,50214,Indonesia
6709861,Le Van,Cuong,Female,22/03/1979,35001,Vietnam
4338858,Tran Thanh,Dai,Female,15/09/1976,43794,Brunei
7181858,Nguyen Dinh,Danh,Female,08/07/1998,59645,Malaysia
1402051,Nguyen Trong,Dat,Male,08/01/1977,67518,Indonesia
8459150,Le Gia,Dien,Male,16/11/1991,67518,Indonesia
3086522,Pham Quang,Duc,Female,09/07/1995,46324,Campuchia
8536189,Mai Nhat,Duy,Female,27/03/1969,99717,Malaysia
4569913,Nguyen Khanh,Huan,Female,13/03/1980,15144,Myanmar
6401094,Truong Thanh,Huy,Female,07/09/1978,46324,Philippines
6186213,Kieu Ngoc Nhu,Huynh,Female,11/09/1998,99717,Indonesia
5462007,Tran Nam Dang,Khoa,Male,19/07/1985,19810,Indonesia
7261972,Hang Anh,Khoa,Female,08/12/1996,15144,Lao
7666853,Nguyen Thai,Khoi,Male,22/05/1999,19810,Malaysia
7820306,Nguyen Tuan,Kiet,Female,06/09/1964,43794,Brunei
8238495,Dang Quoc,Loc,Male,16/08/1974,99717,Philippines
9487317,Duong Hai,Minh,Male,24/09/1967,43794,Indonesia
7293431,Dinh Thanh,Phuc,Male,08/10/1964,67518,Campuchia
5928400,Nguyen Nhat,Quang,Male,30/11/1974,67518,Vietnam
5444790,Tran Phuoc,Sang,Male,31/03/1976,15144,Myanmar
6451935,La Duc,Thang,Female,17/07/1962,15144,Campuchia
5438915,Truong Binh,Thuan,Female,19/11/1994,50214,Brunei
9893057,Nguyen Dong,Trieu,Male,02/01/1981,15144,Lao
6266545,Trinh Ngoc Trung,Truc,Female,18/06/1970,43794,Brunei
4232474,Nguyen Thanh,Tu,Male,02/03/1996,43794,Campuchia
2408602,Tran Thi,Ven,Female,12/10/1967,43794,Indonesia
9720597,Huynh Ngoc,Vy,Male,27/06/1964,19810,Malaysia
9313610,Truong Tien,Duy,Female,08/02/1988,15144,Indonesia
3596183,Nguyen The Phuc,Hiep,Female,28/05/1997,19810,Indonesia
6871028,Ngo Le,Hoang,Male,11/11/1980,15144,Brunei
6564023,Hoang Tran Thien,Huong,Female,16/07/1989,15144,Philippines
1960976,Ly Hoang Gia,Huy,Male,01/03/1999,59645,Myanmar
1467189,Pham Gia,Huy,Male,31/05/1986,46324,Indonesia
3881057,Le Hoang,Khang,Male,17/11/1999,43794,Thailan
5722720,Pham Duy,Khoa,Female,17/03/1969,35001,Singapore
4006960,Hoang Trung,Kien,Male,17/09/1992,46324,Myanmar
4383328,Truong Vinh,Kien,Male,01/03/1973,59645,Indonesia
8732345,Nguyen Hoang,Linh,Female,14/07/1966,46324,Vietnam
4572530,Nguyen Quang,Loi,Female,28/02/1979,19810,Indonesia
9088011,Vo,Luyen,Male,30/11/1997,19810,Campuchia
7886139,Pham Tran Thao,Nguyen,Male,04/05/1963,46324,Vietnam
1112820,Ho Sy,Nhat,Male,10/11/1970,99717,Philippines
6834956,Cao Hoang,Oanh,Female,29/05/1986,59645,Myanmar
2545278,Tran Van,Phat,Male,26/12/1963,99717,Thailan
9563897,Vu Minh,Phuc,Male,10/09/1972,46324,Indonesia
9666288,Dinh Thi Ngoc,Phuong,Female,08/02/1978,46324,Singapore
2660376,Ma Truong,Quang,Female,28/05/1993,15144,Malaysia
9261710,Dinh Phu,Quoc,Female,08/10/1989,15144,Thailan
9920838,Ngo Thanh,Thanh,Male,18/03/1964,99717,Vietnam
7108687,Bui Van,Thong,Male,20/12/1972,19810,Thailan
6303219,Cao Dang,Tinh,Male,04/12/1967,50214,Lao
2458452,Tran Nguyen Thu,Trang,Female,15/11/1983,67518,Malaysia
3371721,Tran Thi Thanh,Truc,Female,13/02/1999,35001,Philippines
8365191,Ngo Cam,Tu,Male,13/08/1971,46324,Brunei
3059348,Nguyen Vu,Tuong,Male,14/10/1974,67518,Philippines
8782353,Tran Gia,Uu,Male,19/06/1982,67518,Campuchia
1784832,Do Tran Anh,Vinh,Female,04/02/1989,35001,Philippines
4176184,Nguyen Vu Hoang,Duy,Male,16/04/1973,99717,Thailan
1340041,Mai Xuan,Ha,Male,18/07/1965,50214,Malaysia
8497613,Luc Minh,Hieu,Male,22/12/1974,59645,Vietnam
9846246,Dang Huy,Hung,Female,30/11/1994,19810,Thailan
6481189,Huong Quang,Huy,Female,30/10/1968,43794,Indonesia
7405696,Nguyen Thanh,Huy,Male,20/02/1967,50214,Myanmar
4093979,Phan Thi,Huyen,Female,11/01/1970,19810,Campuchia
3222946,Tran Vi,Khang,Male,25/02/1990,15144,Lao
9386298,Nguyen Anh,Khoi,Male,05/10/1967,15144,Lao
5577076,Pham Hoang Trung,Kien,Female,10/08/1961,67518,Philippines
7167709,Do Van,Kiet,Female,25/07/1961,19810,Philippines
7340006,Pham Khanh,Linh,Male,15/02/1972,43794,Singapore
5978212,Nguyen Van,Loi,Male,27/09/1991,19810,Thailan
5348733,Hoang Duc,Minh,Male,30/05/1964,59645,Philippines
7316418,Dong Thac,Nhan,Male,17/01/1964,67518,Campuchia
2141944,Trinh Lam,Nhu,Female,03/04/1989,67518,Brunei
3417596,Nguyen Tien,Phat,Female,02/07/1983,35001,Myanmar
9819199,Nguyen Thanh,Phu,Female,15/01/1960,46324,Lao
3271368,Le Pham Hoang,Phuong,Female,15/10/2000,67518,Thailan
6976687,Nguyen Van Anh,Quan,Female,13/10/1964,15144,Brunei
7084265,Pham Nguyen Minh,Quang,Female,18/12/1988,43794,Malaysia
8856905,Nguyen Minh,Thang,Male,04/02/1993,35001,Malaysia
1735299,Tran Thanh Nhat,Thien,Male,03/09/1960,35001,Indonesia
5418499,Kha Kim,Thuy,Male,11/08/1980,15144,Myanmar
8127865,Ao Thuy Ngoc,Tran,Male,29/05/1994,99717,Vietnam
3252148,Nguyen Thi Van,Truc,Female,17/07/1998,99717,Thailan
4511839,Tran Huu Quang,Truong,Male,21/08/1985,15144,Vietnam
6839153,Le Khac Thanh,Tung,Male,02/10/1998,43794,Myanmar
3854172,Pham Nhat,Tuyen,Female,04/08/1969,67518,Campuchia
8733019,Vo Phu,Vinh,Female,24/10/1977,15144,Brunei
6136676,Nguyen Tuong,An,Male,08/10/1968,99717,Vietnam
9143915,Luu Huynh Hoai,An,Female,10/02/1999,35001,Lao
6539577,Tran Tuan,An,Female,07/10/1996,43794,Campuchia
2798176,Nguyen Van,Bao,Male,04/10/1966,43794,Thailan
1239730,Phan Minh,Chi,Female,04/11/1963,59645,Thailan
